start,end,speaker,text,predicted
0.03096875,6.24096875,b'SPEAKER_01',音量調整したけど、視聴者さん側にも念のため聞いてもらおうかしましょう了解,アンジュ・カトリーナ
8.215343750000002,8.704718750000001,b'SPEAKER_01',だれ?,戌亥とこ
9.97034375,10.476593750000005,b'SPEAKER_01',あ、だ…,アンジュ・カトリーナ
10.62846875,11.84346875,b'SPEAKER_01',お待たせ!まった!,戌亥とこ
12.04596875,15.15096875,b'SPEAKER_01',2次参事所属公式美少女連輪試合場の,アンジュ・カトリーナ
15.387218750000002,20.66909375,b'SPEAKER_01',アンジュ!カトリーナだ!よろしくお願いしまーすこんな感じなんだっけ、コラボの時,アンジュ・カトリーナ
25.10721875,29.15721875,b'SPEAKER_01',裏では元気ないみたいなそんなことない,アンジュ・カトリーナ
25.664093750000003,25.96784375,b'SPEAKER_02',裏返し,戌亥とこ
25.96784375,26.05221875,b'SPEAKER_00',ご視聴ありがとうございました!,戌亥とこ
31.36784375,33.47721875,b'SPEAKER_01',ちょっとお腹痛めてたなって思って,アンジュ・カトリーナ
31.50284375,31.75596875,b'SPEAKER_00',,
34.439093750000005,34.69221875,b'SPEAKER_01',ご視聴ありがとうございました,リゼ・ヘルエスタ
34.74284375,34.759718750000005,b'SPEAKER_01',,
35.36721875,35.805968750000005,b'SPEAKER_01',,
36.025343750000005,37.18971875,b'SPEAKER_01',鳥臓水食べてる,戌亥とこ
38.11784375,39.29909375,b'SPEAKER_01',無事ならいいんだ,アンジュ・カトリーナ
40.39596875,40.85159375,b'SPEAKER_01',どうぞ,戌亥とこ
44.36159375,48.96846875,b'SPEAKER_01',毎度ヘルスタの北大二公女リゼ・ヘルスタです よろしくお願いします,アンジュ・カトリーナ
45.49221875,46.774718750000005,b'SPEAKER_02',ヘルスターは食材に,アンジュ・カトリーナ
46.774718750000005,46.85909375,b'SPEAKER_00',ご視聴ありがとうございました!,戌亥とこ
50.94284375,51.48284375,b'SPEAKER_01',,
51.80346875,52.34346875,b'SPEAKER_01',こっちを?,戌亥とこ
54.38534375,55.195343750000006,b'SPEAKER_01',誰か映ってんなw,戌亥とこ
56.376593750000005,57.203468750000006,b'SPEAKER_01',誰か格が,戌亥とこ
57.65909375,59.66721875,b'SPEAKER_01',ドアが映してしまった,アンジュ・カトリーナ
60.71346875,61.50659375,b'SPEAKER_01',えっと,戌亥とこ
64.83096875000001,64.99971875,b'SPEAKER_01',ご視聴ありがとうございました!,戌亥とこ
66.28221875,66.83909375,b'SPEAKER_01',なかい,戌亥とこ
67.83471875000001,78.58409375000001,b'SPEAKER_01',リゼの挨拶がバッと出ないって話してるよあの、挨拶ないそう、だからこう立派な情勢になるためだって工場は自分のやつ言って貼ったから,戌亥とこ
73.08284375000001,73.69034375000001,b'SPEAKER_00',,
76.40721875,77.41971875,b'SPEAKER_00',向上は自分の,戌亥とこ
79.71471875,86.02596875,b'SPEAKER_01',毎度だけ持ってて 工場は自分の言って貼ったからそうなってくるんだし毎度消すだけになって,アンジュ・カトリーナ
83.61284375000001,84.32159375,b'SPEAKER_00',,
84.52409375,84.91221875000001,b'SPEAKER_00',マイド!,戌亥とこ
87.22409375000001,88.96221875,b'SPEAKER_01',そこで住まれただけ,アンジュ・カトリーナ
89.19846875,94.21034375,b'SPEAKER_01',公式つよつよケルベロスからだけやってもらえたらちょうど合わせた時に,アンジュ・カトリーナ
89.29971875000001,90.16034375,b'SPEAKER_00',,
93.45096875,94.04159375,b'SPEAKER_00',,
94.75034375,96.03284375,b'SPEAKER_01',かすく…,戌亥とこ
95.07096875,95.69534375,b'SPEAKER_00',ロunkES,戌亥とこ
96.03284375,96.55596875,b'SPEAKER_00',キャラクター!,アンジュ・カトリーナ
96.55596875,97.02846875,b'SPEAKER_01',,
97.51784375,97.90596875,b'SPEAKER_01',,
99.52596875,99.54284375,b'SPEAKER_00',ご視聴ありがとうございました,リゼ・ヘルエスタ
99.54284375,100.31909375,b'SPEAKER_01', Ni,アンジュ・カトリーナ
103.17096875,104.04846875,b'SPEAKER_01',なんか,アンジュ・カトリーナ
104.25096875,107.18721875,b'SPEAKER_01',実物より可愛かったんだけどマイドないとそうなの?,アンジュ・カトリーナ
105.98909375,106.29284375,b'SPEAKER_00',マイク!,アンジュ・カトリーナ
106.44471875,106.57971875,b'SPEAKER_00',,
106.61346875,106.88346875,b'SPEAKER_00',,
109.16159375,110.22471875,b'SPEAKER_01',セバスよりの,アンジュ・カトリーナ
111.05159375,114.00471875,b'SPEAKER_01',朝の配信でたまにサービスしてる時のとこじゃん,アンジュ・カトリーナ
119.92784375,125.95221875,b'SPEAKER_01',わかんなかったここの肝ダメージはいたもんね一人用のやつはいたいたちっちゃいホラーハウスでいたやつねあれ?,アンジュ・カトリーナ
121.71659375,122.44221875,b'SPEAKER_00',,
126.55971875,127.50471875,b'SPEAKER_01',これじゃない? 挑戦,アンジュ・カトリーナ
128.36534375,131.82471875000002,b'SPEAKER_01',あ、もう1枚だ!私3枚貰ったから,アンジュ・カトリーナ
128.95596875,130.84596875,b'SPEAKER_00',1枚だ,アンジュ・カトリーナ
132.51659375,134.00159375,b'SPEAKER_01',キスピンに1枚ずつ回そうや,アンジュ・カトリーナ
134.45721875,136.58346875,b'SPEAKER_01',あーなるほど、そういう意図で3だったのかな?,アンジュ・カトリーナ
136.80284375000002,137.42721875,b'SPEAKER_01',どうぞ,アンジュ・カトリーナ
138.00096875,138.28784375,b'SPEAKER_01',ほい,戌亥とこ
140.07659375,140.70096875000002,b'SPEAKER_01',以上,アンジュ・カトリーナ
141.35909375,142.23659375,b'SPEAKER_01',行ってみてよか,アンジュ・カトリーナ
142.55721875,143.21534375000002,b'SPEAKER_01',どうぞどうぞ,戌亥とこ
143.99159375000002,147.72096875,b'SPEAKER_01',1等金2等青ここなんか奥にね書いてあるわ,アンジュ・カトリーナ
149.17221875,150.79221875000002,b'SPEAKER_01',あーなんか前あった気がする,戌亥とこ
151.04534375,153.86346875,b'SPEAKER_01',あ、チュールとかそういうのやってたね,アンジュ・カトリーナ
152.47971875000002,153.81284375,b'SPEAKER_00',そういえばやってたね,戌亥とこ
154.21784375,157.50846875000002,b'SPEAKER_01',あったあった、猫がね、めっちゃ喜ぶんだよねこういうのでもさ、なんか,アンジュ・カトリーナ
156.07409375,156.25971875000002,b'SPEAKER_00',,
158.47034375,160.27596875,b'SPEAKER_01',3等ぐらいのやつ欲しいときに,戌亥とこ
160.54596875,163.51596875,b'SPEAKER_01',3等…いや確かにウチは欲しいな行くぞ!,アンジュ・カトリーナ
164.08971875,164.84909375,b'SPEAKER_01',にーな,戌亥とこ
166.51971875,166.82346875000002,b'SPEAKER_01',にっ,戌亥とこ
166.97534375,169.11846875,b'SPEAKER_01',左下のレバーを下げて回転スタート,アンジュ・カトリーナ
167.83596875,167.95409375,b'SPEAKER_02',ご視聴ありがとうございました,戌亥とこ
168.10596875000002,168.15659375,b'SPEAKER_02',,
169.87784375,171.68346875,b'SPEAKER_01',ピロピロキャンディこれか!いくよ!,戌亥とこ
171.90284375000002,173.03346875,b'SPEAKER_01',ぽい!,戌亥とこ
173.60721875000002,176.83034375,b'SPEAKER_01',お!回ってる回ってる!回ってる回ってる!レバーを上げて回転ストップ!,アンジュ・カトリーナ
174.38346875000002,175.61534375000002,b'SPEAKER_00',,
176.94846875000002,177.15096875,b'SPEAKER_01',ご視聴ありがとうございました,アンジュ・カトリーナ
177.42096875,178.51784375,b'SPEAKER_01',いくよ!あげるよ!来い!,アンジュ・カトリーナ
178.58534375000002,179.02409375000002,b'SPEAKER_01',ほい!,アンジュ・カトリーナ
179.73284375,184.96409375,b'SPEAKER_01',一等じゃね!?一等じゃん!え、嘘!?ヨーチェル!ヨーチェルだー!,アンジュ・カトリーナ
180.34034375,180.89721875,b'SPEAKER_00',じゃね!?,アンジュ・カトリーナ
183.86721875,184.62659375,b'SPEAKER_00',違う!,アンジュ・カトリーナ
184.62659375,184.69409375,b'SPEAKER_02',,
185.92596875,189.03096875,b'SPEAKER_01',おめでとうって書いてある!すげー!ねえ、ほんとおめでとうって書いてある,アンジュ・カトリーナ
187.20846875,188.15346875,b'SPEAKER_00',はい、お疲れ様でした。,アンジュ・カトリーナ
188.15346875,188.28846875,b'SPEAKER_02',ご視聴ありがとうございました!,戌亥とこ
188.28846875,188.32221875,b'SPEAKER_00',,
190.21221875,191.89971875,b'SPEAKER_01',やるね!やったー!,リゼ・ヘルエスタ
192.20346875,192.81096875,b'SPEAKER_02',ねっねっねっねっねっねっねっねっねっねっねっねっねっねっねっねっねっねっねっねっねっねっねっねっねっねっねっねっねっねっねっねっねっねっねっねっねっねっねっねっねっねっねっねっねっねっねっねっねっねっねっねっねっねっねっねっねっねっねっねっねっねっねっねっねっねっねっねっねっねっねっねっねっねっねっねっねっねっねっねっねっねっねっねっねっねっねっねっねっねっねっねっねっねっねっねっねっねっねっねっねっねっねっねっねっねっねっねっねっねっねっね,リゼ・ヘルエスタ
193.19909375,194.76846875,b'SPEAKER_01',そこまで入ってあかんから,アンジュ・カトリーナ
194.78534375,197.28284375,b'SPEAKER_01', detectorは ramp catsらは同時にほ attended,アンジュ・カトリーナ
195.89909375,195.93284375,b'SPEAKER_02',,
196.03409375,196.70909375,b'SPEAKER_00',近くで,アンジュ・カトリーナ
198.12659375,199.39221875,b'SPEAKER_01',じゃあほなやるか,アンジュ・カトリーナ
199.74659375,200.82659375,b'SPEAKER_01',お、行くんだよ,アンジュ・カトリーナ
201.01221875,202.66596875,b'SPEAKER_01',あ、嫌って言われたあ、これいいのか,戌亥とこ
203.29034375,207.49221875,b'SPEAKER_01',注線するからさぁ何が出るかなうちはもう可愛い可愛くない?,アンジュ・カトリーナ
204.18471875,205.23096875,b'SPEAKER_00',何が出る?,アンジュ・カトリーナ
207.81284375,208.33596875,b'SPEAKER_01',こうか,戌亥とこ
208.63971875,216.97596875,b'SPEAKER_01',レバーで回るとなんも覚えてないなんでなんでなんでなんかえ?なんでなんでおー効果力者なんでなんでなんで,アンジュ・カトリーナ
208.87596875000003,209.77034375,b'SPEAKER_00',えぇえぇえ、なに?,アンジュ・カトリーナ
211.40721875000003,213.51659375000003,b'SPEAKER_00',え?え?え?,アンジュ・カトリーナ
213.78659375,216.90846875000005,b'SPEAKER_00',なんでなんでなんで,アンジュ・カトリーナ
217.58346875,220.03034375,b'SPEAKER_01',ジュさんの辛いの映った?なんで殺してる?,アンジュ・カトリーナ
223.11846875,223.55721875,b'SPEAKER_01',でも…,アンジュ・カトリーナ
224.04659375000003,225.98721875,b'SPEAKER_01',普通にくれた、燃やしたらくれた,アンジュ・カトリーナ
228.65346875,231.04971875,b'SPEAKER_01',うちわたったんだねかわいい,アンジュ・カトリーナ
229.83471875,229.96971875000003,b'SPEAKER_02',,
229.96971875000003,230.20596875,b'SPEAKER_00',,
231.94409375,238.98096875,b'SPEAKER_01',激圧演出だったんかな?そういうこと、激圧かっこ物理みたいなことこっちかこっちみたいな,アンジュ・カトリーナ
233.36159375000005,234.32346875,b'SPEAKER_00',そういうこと!,アンジュ・カトリーナ
239.30159375,243.53721875,b'SPEAKER_01',あ、出てないような。ペルペルキャンディ可愛いなぁ。可愛いよな。全部可愛い、正直。確かに、参加外れ。,アンジュ・カトリーナ
239.31846875,241.84971875,b'SPEAKER_00',あ、出てないようなペルペルキャンディ可愛いなぁ可愛いよな,アンジュ・カトリーナ
242.27159375,242.84534375,b'SPEAKER_00',はい、正直,戌亥とこ
242.84534375,242.89596875,b'SPEAKER_02',,
242.89596875,242.92971875,b'SPEAKER_00',,
244.97159375,245.81534375,b'SPEAKER_01',頑張れ頑張れ,戌亥とこ
246.42284375000003,247.89096875,b'SPEAKER_01',おじさん、おじさん,戌亥とこ
246.64221875,246.74346875,b'SPEAKER_02',ご視聴ありがとうございました!,戌亥とこ
248.39721875,249.51096875,b'SPEAKER_01',さあ何が出るかな,戌亥とこ
249.84846875,250.99596875,b'SPEAKER_01',左のレバー,戌亥とこ
252.00846875,252.61596875,b'SPEAKER_01',それそれ,戌亥とこ
252.07596875,252.39659375,b'SPEAKER_02',,
254.03346875000005,254.15159375,b'SPEAKER_01',ご視聴ありがとうございました,戌亥とこ
254.67471875,255.83909375,b'SPEAKER_01',持ってる持ってる,アンジュ・カトリーナ
254.99534375,255.43409375,b'SPEAKER_02',,
257.12159375,257.42534375,b'SPEAKER_01',ほい,戌亥とこ
258.70784375,262.20096875,b'SPEAKER_01',あ!お揃いだ!お揃いや!そうなると家はいいなぁ,アンジュ・カトリーナ
261.10409375,261.12096875000003,b'SPEAKER_02',ご視聴ありがとうございました,戌亥とこ
261.12096875000003,261.76221875000005,b'SPEAKER_00',やったー!,アンジュ・カトリーナ
261.76221875000005,261.77909375,b'SPEAKER_02',ご視聴ありがとうございました,戌亥とこ
262.31909375000004,262.45409375,b'SPEAKER_01',ご視聴ありがとうございました!,戌亥とこ
263.24721875,263.26409375000003,b'SPEAKER_00',ご視聴ありがとうございました,リゼ・ヘルエスタ
263.26409375000003,265.00221875,b'SPEAKER_01',でもそれも確かにそう,アンジュ・カトリーナ
264.12471875,264.32721875000004,b'SPEAKER_00',,
264.32721875000004,264.46221875000003,b'SPEAKER_02',ご視聴ありがとうございました!,アンジュ・カトリーナ
266.28471875,269.99721875,b'SPEAKER_01',そうなってくると、そうなってくると私も家を欲しい,アンジュ・カトリーナ
266.62221875,270.90846875,b'SPEAKER_02',そうなってくると、ちょっと私の家は欲しい。,アンジュ・カトリーナ
279.26159375000003,281.38784375,b'SPEAKER_02',ノータイムで愛積しに行く,アンジュ・カトリーナ
279.48096875000005,281.35409375,b'SPEAKER_00',ノータイムで愛石しに行く,アンジュ・カトリーナ
284.32409375000003,285.35346875,b'SPEAKER_02',おーつかれそう,アンジュ・カトリーナ
291.17534375,294.85409375,b'SPEAKER_01',何を考えているんだろうなりんさんこの瞬間にあ動いた,アンジュ・カトリーナ
291.27659375,292.47471875,b'SPEAKER_02',何を書くのか,アンジュ・カトリーナ
295.64721875000004,298.60034375000004,b'SPEAKER_01',あ、投げてきた丼に投げてくるの,アンジュ・カトリーナ
295.84971875,296.30534375,b'SPEAKER_00',投げてきた,アンジュ・カトリーナ
297.63846875,298.53284375000004,b'SPEAKER_00',食べ物を投げて,アンジュ・カトリーナ
300.50721875,302.71784375000004,b'SPEAKER_01',りんさん、私も、私も,アンジュ・カトリーナ
303.84846875,304.40534375000004,b'SPEAKER_01',だめだよ,アンジュ・カトリーナ
305.02971875000003,305.78909375,b'SPEAKER_01',私も,アンジュ・カトリーナ
308.38784375,309.82221875000005,b'SPEAKER_01',いやでもどういう絵面?,アンジュ・カトリーナ
310.49721875,314.37846875,b'SPEAKER_01',あ、これいるこれいる。いや、そのあげ方は、ハトにあげる感じなんよ。,アンジュ・カトリーナ
310.63221875,310.68284375,b'SPEAKER_00',,
310.68284375,310.69971875000005,b'SPEAKER_02',,
310.69971875000005,311.35784375000003,b'SPEAKER_00',くれるくれる,アンジュ・カトリーナ
315.17159375,316.89284375,b'SPEAKER_01',パパパパってあら参ってはる,アンジュ・カトリーナ
315.98159375,316.65659375,b'SPEAKER_02',まいてはる,アンジュ・カトリーナ
317.93909375000004,318.36096875000004,b'SPEAKER_01',今,アンジュ・カトリーナ
318.41159375,318.51284375,b'SPEAKER_01',,
318.51284375,318.98534375,b'SPEAKER_02',www,アンジュ・カトリーナ
322.66409375,326.66346875,b'SPEAKER_01',ねすごいね、まったくどうやってるのか本当に検討つかん,アンジュ・カトリーナ
326.96721875000003,327.00096875,b'SPEAKER_02',,
327.00096875,333.76784375,b'SPEAKER_00',あれ?オムライスカーが無くなってる!そんなチームキャンさんが無くなってる!オムライスカーが!オムライスカーが!,アンジュ・カトリーナ
328.85721875,328.92471875,b'SPEAKER_01',,
328.92471875,328.97534375000004,b'SPEAKER_02',,
328.97534375000004,329.21159375,b'SPEAKER_01',サブタイトル・ギター・コメントをお届けします。,アンジュ・カトリーナ
329.21159375,329.26221875000005,b'SPEAKER_02',,
329.26221875000005,329.41409375,b'SPEAKER_01',お,アンジュ・カトリーナ
329.41409375,329.43096875000003,b'SPEAKER_02',ご視聴ありがとうございました,リゼ・ヘルエスタ
329.43096875000003,329.75159375000004,b'SPEAKER_01',ご視聴ありがとうございました!,アンジュ・カトリーナ
329.75159375000004,329.83596875,b'SPEAKER_02',,
329.83596875,333.73409375,b'SPEAKER_01',やったやった!オムライスカーが!オムライスカーが!オムライスカー!,アンジュ・カトリーナ
334.20659375,336.63659375000003,b'SPEAKER_00',おもろいすぎるさんない!そんなことない!あったはずチェ…,アンジュ・カトリーナ
335.26971875000004,337.29471875,b'SPEAKER_01',そんなことない!あったはず地図には!あれ?,アンジュ・カトリーナ
337.71659375,343.15034375000005,b'SPEAKER_01',移設してるとかじゃなくて!何?横も知らないのある?え、でもさっきもうオムライス持ってたやん,アンジュ・カトリーナ
337.78409375,339.04971875,b'SPEAKER_00',移設してるとかじゃなくて,アンジュ・カトリーナ
339.43784375,341.04096875000005,b'SPEAKER_00',なに横も知らないのある,アンジュ・カトリーナ
343.70721875000004,344.26409375000003,b'SPEAKER_01',ほってた!,アンジュ・カトリーナ
345.58034375,348.75284375,b'SPEAKER_01',今じゃできてるからちょっと車だから イノリもできるんじゃないかオムライスカーどこ?,アンジュ・カトリーナ
345.73221875,346.12034375,b'SPEAKER_00',,
346.12034375,347.26784375,b'SPEAKER_02',,
347.26784375,347.40284375000005,b'SPEAKER_00',いらっしゃいませ,戌亥とこ
351.11534375,352.65096875,b'SPEAKER_01',まあそんなこと言ったら,戌亥とこ
351.36846875000003,352.43159375000005,b'SPEAKER_00',そんなことない,アンジュ・カトリーナ
353.07284375,353.49471875,b'SPEAKER_01',ノロッ,戌亥とこ
355.48596875000004,357.93284375,b'SPEAKER_01',このカードのまさか!このフォルム!,アンジュ・カトリーナ
358.45596875,359.36721875,b'SPEAKER_01',もしかして?,戌亥とこ
360.75096875,361.59471875,b'SPEAKER_01',ナンバーガー,アンジュ・カトリーナ
362.74221875,362.75909375,b'SPEAKER_01',ご視聴ありがとうございました,リゼ・ヘルエスタ
362.75909375,362.79284375,b'SPEAKER_02',,
362.79284375,362.82659375,b'SPEAKER_00',,
362.82659375,366.03284375,b'SPEAKER_01',マイクローナンバーだ!,アンジュ・カトリーナ
362.89409375,364.39596875,b'SPEAKER_00',前顔なんだ!,アンジュ・カトリーナ
366.57284375,368.44596875,b'SPEAKER_01',やったー!,アンジュ・カトリーナ
369.25596875,370.30221875,b'SPEAKER_01',よかったなぁ,アンジュ・カトリーナ
372.07409375,376.98471875,b'SPEAKER_01',やっぱ人気店やったんや人気やから今回こっちには来たんやわだってもう、イートインスペースあるもん,アンジュ・カトリーナ
373.76159375,375.71909375,b'SPEAKER_00',やっと出会えた!,アンジュ・カトリーナ
377.3222187500001,377.72721875,b'SPEAKER_01',なぁ,アンジュ・カトリーナ
378.80721875,383.46471875,b'SPEAKER_01',ちゃんと何番あるかイベントに合わせてこっちに来たんやきっと出張できるんや,アンジュ・カトリーナ
379.27971875,380.3090937500001,b'SPEAKER_00',なんかあれだ,戌亥とこ
381.59159375,382.01346875,b'SPEAKER_00',ねっ,アンジュ・カトリーナ
382.01346875,382.65471875,b'SPEAKER_02',前顔なのに,戌亥とこ
382.65471875,382.97534375,b'SPEAKER_00',ん,戌亥とこ
382.97534375,383.07659375,b'SPEAKER_02',,
383.07659375,383.09346875,b'SPEAKER_00',,
384.20721875,387.76784375,b'SPEAKER_01',うちケチャップソースがいいんだよなとりあえず一通り取ってみた,アンジュ・カトリーナ
388.44284375,389.48909375000005,b'SPEAKER_01',いい子しんぼうさん,戌亥とこ
390.14721875,392.74596875,b'SPEAKER_01',一通り 好きやからな,アンジュ・カトリーナ
395.22659375,396.62721875,b'SPEAKER_01',あ、ホワイト撮れてないな,戌亥とこ
399.96846875,405.23346875,b'SPEAKER_01',なるほどね上が食歯毒施設かな施設?施設かな,アンジュ・カトリーナ
400.44096875,400.50846875,b'SPEAKER_00',,
400.50846875,400.76159375,b'SPEAKER_02',,
400.76159375,401.52096875,b'SPEAKER_00',,
403.0228437500001,404.99721875,b'SPEAKER_02',ししししししししししししししししししししししししししししししししししししししししししししししししししししししししししししししししししししししししししししししししししししししししししししししししししししししししししししししししししししししししししししししししししししししししししししししししししししししししししししししししししししししししししししししししししししししししししししししししししししししししししししししししししししししししししししししし,アンジュ・カトリーナ
406.09409375,409.7728437500001,b'SPEAKER_01',わぁいいお部屋!宿泊しちゃったからなやめろ!,アンジュ・カトリーナ
406.95471875,407.6972187500001,b'SPEAKER_02',おへぇや!,アンジュ・カトリーナ
409.04721875,409.68846875,b'SPEAKER_00',やめろ!,アンジュ・カトリーナ
411.9159687500001,416.64096875,b'SPEAKER_01',いいやーえ、これ関東か?ここが?宿泊支出中?,アンジュ・カトリーナ
412.48971875,412.54034375,b'SPEAKER_00',,
417.4003437500001,423.96471875,b'SPEAKER_01',殴れるようになったら知らないよあとで蓄積ダメージが出る待って!wwwなぁ!やめて!,アンジュ・カトリーナ
421.18034375,421.90596875,b'SPEAKER_00',うっうっうっうっうっうっうっうっうっうっうっうっうっうっうっうっうっうっうっうっうっうっうっうっうっうっうっうっうっうっうっうっうっうっうっうっうっうっうっうっうっうっうっうっうっうっうっうっうっうっうっうっうっうっうっうっうっうっうっうっうっうっうっうっうっうっうっうっうっうっうっうっうっうっうっうっうっうっうっうっうっうっうっうっうっうっうっうっうっうっうっうっうっうっうっうっうっうっうっうっうっうっうっうっうっうっうっうっうっうっうっう,アンジュ・カトリーナ
422.61471875,423.52596875,b'SPEAKER_00', County,アンジュ・カトリーナ
423.52596875,423.54284375,b'SPEAKER_02',ご視聴ありがとうございました,リゼ・ヘルエスタ
423.54284375,423.55971875,b'SPEAKER_00',ご視聴ありがとうございました,アンジュ・カトリーナ
423.55971875,424.03221875,b'SPEAKER_02',,
423.96471875,423.99846875,b'SPEAKER_00',,
423.99846875,424.13346875,b'SPEAKER_01',ご視聴ありがとうございました!,戌亥とこ
424.13346875,424.23471875,b'SPEAKER_00',,
426.52971875,430.0228437500001,b'SPEAKER_00',動いちゃった,アンジュ・カトリーナ
430.0228437500001,430.95096875,b'SPEAKER_01',やっこいいねーやばい,アンジュ・カトリーナ
430.95096875,430.96784375,b'SPEAKER_00',ご視聴ありがとうございました,リゼ・ヘルエスタ
430.96784375,431.20409375,b'SPEAKER_01',,
431.20409375,431.45721875,b'SPEAKER_00',,
431.45721875,431.54159375,b'SPEAKER_01',字幕視聴ありがとうございました!,戌亥とこ
431.54159375,431.98034375,b'SPEAKER_00',wwwwwwwwwwwwwwwwwwwwwwwwwwwwwwwwwwwwwwwwwwwwwwwwwwwwwwwwwwwwwwwwwwwwwwwwwwwwwwwwwwwwwwwwwwwwwwwwwwwwwwwwwwwwwwwwwwwwwwwwwwwwwwwwwwwwwwwwwwwwwwwwwwwwwwwwwwwwwwwwwwwwwwwwwwwwwwwwwwwwwwwwwwwwwwwwwwwwwwwwwwwwwwwwwwwwwwwwwwwwwwwwwwwwwwwwwwwwwwwwwwwwwwwwwwwwwwwwwwwwwwwwwwwwwwwwwwwwwwwwwwwwwwwwwwwwwwwwwwwwwwwwwwwwwwwwwwwwwwwwwwwwwwwwwwwwwwwwwwwwwwwwwwwwwwwwwwwwwwwwwwwwwwwwwwwwwwwwwwwwwwwwwwwwwwwwwwwwwwwwwwwwwwwwwwwwwwwwwwwwwwwwwwwwwwwwwwwwwwwwwwwwwwwwwwwwwwwwwwwwwwwwwwwwwwwwwwwwwwwwwwwwwwwwwwwwwwwwwwwwwwwwwwwwwwwwwwwwwwwwwwwwwwwwwwwwwwwwwwwwwwwwwwwwwwwwwwwwwwwwwwwwwwwwwwwwwwwwwwwwwwwwwwwwwwwwwwwwwwwwwwwwwwwwwwwwwwwwwwwwwwwwwwwwwwwwwwwwwwwwwwwwwwwwwwwwwwwwwwwwwwwwwwwwwwwwwwwwwwwwwwwwwwwwwwwwwwwwwwwwwwwwwwwwwwwwwwwwwwwwwwwwwwwwwwwwwwwwwwwwwwwwwwwwwwwwwwwwwwwwwwwwwwwwwwwwwwwwwwwwwwwwwwwwwwwwwwwwwwwwwwwwwwwwwwwwwwwwwwwwwwwwwwwwwwwwwwwwwwwwwwwwwwwwwwwwwwwwwwwwwwwwwwwwwwwwwwwwwwwwwwwwwwwwwwww,アンジュ・カトリーナ
434.10659375,436.08096875,b'SPEAKER_01',すごいベクトルで消えてくる,アンジュ・カトリーナ
436.75596875,438.89909375,b'SPEAKER_01',化粧水とかじゃん鏡,アンジュ・カトリーナ
439.06784375,440.40096875,b'SPEAKER_01',あーだねこれね,アンジュ・カトリーナ
440.41784375,443.05034375,b'SPEAKER_01',そうか、ちょうだいか。え、すごい!ふすまだ、これ。,アンジュ・カトリーナ
440.51909375,441.9028437500001,b'SPEAKER_00',そうか、兄弟か!,アンジュ・カトリーナ
446.32409375,448.75409375,b'SPEAKER_01',まあ、全部巡るのは多分,アンジュ・カトリーナ
449.41221875,451.1503437500001,b'SPEAKER_01',無理とは思う,戌亥とこ
449.9184687500001,450.03659375,b'SPEAKER_00',,
450.03659375,450.3403437500001,b'SPEAKER_02',,
450.3403437500001,450.35721875,b'SPEAKER_00',ご視聴ありがとうございました!,戌亥とこ
451.26846875,453.17534375,b'SPEAKER_01',でも、魚市場かここは,戌亥とこ
453.78284375,455.48721875,b'SPEAKER_01',おー!,戌亥とこ
456.53346875000005,457.59659375,b'SPEAKER_02',うおー!,戌亥とこ
458.47409375,460.65096875,b'SPEAKER_01',魚だけにウォーってね,アンジュ・カトリーナ
465.32534375,467.90721875,b'SPEAKER_00',あぁあって言うねんwww,アンジュ・カトリーナ
467.9915937500001,469.78034375,b'SPEAKER_00',あはは、ビデオ,アンジュ・カトリーナ
470.86034375,476.26034375,b'SPEAKER_00',私の歯をそんなに使わないで!うるせー!なんだよ!,アンジュ・カトリーナ
472.04159375,472.76721875,b'SPEAKER_01',,
473.0540937500001,473.59409375,b'SPEAKER_01',www,アンジュ・カトリーナ
475.6528437500001,476.24346875,b'SPEAKER_01', discussion,戌亥とこ
476.26034375,476.51346875,b'SPEAKER_01',,
479.51721875,481.71096875,b'SPEAKER_01',はーとか言われるより辛いタイプの,アンジュ・カトリーナ
479.88846875,481.54221875,b'SPEAKER_00',とか言われるより辛いタイプ,戌亥とこ
481.54221875,481.62659375,b'SPEAKER_02',,
482.38596875,484.64721875,b'SPEAKER_01',2022年だっつーのによ,アンジュ・カトリーナ
482.62221875000006,483.2465937500001,b'SPEAKER_00',,
489.06846875,493.84409375,b'SPEAKER_01',とーちゃんが反抗機にやっちゃったって言っちゃうのと?怒っちゃった,アンジュ・カトリーナ
489.16971875,489.9628437500001,b'SPEAKER_02',おばあちゃんが反応,アンジュ・カトリーナ
494.08034375000005,496.18971875000005,b'SPEAKER_01',めっちゃサコのいる,アンジュ・カトリーナ
495.16034375,495.22784375,b'SPEAKER_02',,
496.18971875000005,496.34159375,b'SPEAKER_02',ご視聴ありがとうございました!,戌亥とこ
498.7884687500001,502.24784375,b'SPEAKER_01',もしかして、あれ?遠近法令でかく見えるだけじゃない?誰かおる!,アンジュ・カトリーナ
504.13784375000006,505.87596875,b'SPEAKER_01',誰かもいる!本当だ!,アンジュ・カトリーナ
504.77909375,505.38659375,b'SPEAKER_02',もう、いろいろと…,アンジュ・カトリーナ
506.65221875,507.2259687500001,b'SPEAKER_02',本日もお会いしましょう!,戌亥とこ
508.0697187500001,511.91721875,b'SPEAKER_01',足終わったんじゃないか?ミリオさんたちお疲れ様でした,アンジュ・カトリーナ
510.07784375000006,511.66409375,b'SPEAKER_02',おーおーおー,アンジュ・カトリーナ
514.1784687500001,518.61659375,b'SPEAKER_01',今日出走だったんじゃないかあれあれあれお疲れ様です-これいただきますくれない?どうもどうも,アンジュ・カトリーナ
515.68034375,515.7478437500001,b'SPEAKER_00',,
515.7478437500001,516.3215937499999,b'SPEAKER_02',お疲れ様でした,戌亥とこ
516.3215937499999,517.4015937500001,b'SPEAKER_00',ではこれいただきます,戌亥とこ
518.9540937500001,524.21909375,b'SPEAKER_01',あ、温泉タモいっぱい作ったやな温泉タモ可愛いお疲れ様でーす頭についてる,アンジュ・カトリーナ
521.01284375,521.9072187500001,b'SPEAKER_00',When I want this,戌亥とこ
521.9072187500001,522.0759687500001,b'SPEAKER_02',,
522.0759687500001,522.44721875,b'SPEAKER_00',本当?,アンジュ・カトリーナ
524.8940937500001,526.3959687500001,b'SPEAKER_01',カラフルで可愛いな,アンジュ・カトリーナ
525.4172187500001,525.65346875,b'SPEAKER_00',だから,戌亥とこ
526.49721875,527.1384687500001,b'SPEAKER_01',かわいいね,戌亥とこ
527.6953437500001,533.2978437500001,b'SPEAKER_01',ね、かわいい確かさっき出走だった気がするから戻られたんだ終わったんだなお疲れ様です,アンジュ・カトリーナ
531.4922187500001,533.21346875,b'SPEAKER_00',終わったんだな お疲れ様です,アンジュ・カトリーナ
534.5803437500001,535.6772187500001,b'SPEAKER_01',いいですね,戌亥とこ
536.58846875,540.3684687500001,b'SPEAKER_01',この顔文字っぽいやつ、これどうやって手に入れるんだっけ?なんか言ってたよなぁ,アンジュ・カトリーナ
540.7903437500001,543.81096875,b'SPEAKER_01',スタンプっぽいやつあるねエモートっぽいの,アンジュ・カトリーナ
541.0603437500001,542.4778437500001,b'SPEAKER_00',スタンプっぽいやつ,アンジュ・カトリーナ
544.33409375,549.9197187500001,b'SPEAKER_01',なんかポイント交換みたいな言ってなかったけどなんかそんなにやったよなちょっと待って私ら,アンジュ・カトリーナ
550.7634687500001,551.64096875,b'SPEAKER_01',バカポスイン,戌亥とこ
553.61534375,558.57659375,b'SPEAKER_01',そんなことないそんなことない全然お喜びだし全然全然,アンジュ・カトリーナ
555.6909687500001,556.0959687500001,b'SPEAKER_02',,
560.80409375,561.52971875,b'SPEAKER_01', bored out boy,戌亥とこ
561.96846875,566.32221875,b'SPEAKER_01',なんか動画から見られてる気がするけどこれで温泉回ってる人みたいじゃない?,アンジュ・カトリーナ
562.08659375,562.20471875,b'SPEAKER_00',,
562.20471875,563.47034375,b'SPEAKER_02',,
563.47034375,563.48721875,b'SPEAKER_00',,
563.8415937500001,563.8584687499999,b'SPEAKER_00',,
563.8584687499999,564.9722187500001,b'SPEAKER_02',これで温泉?,アンジュ・カトリーナ
564.9722187500001,565.03971875,b'SPEAKER_00',,
568.1615937500001,568.81971875,b'SPEAKER_01',マナーバッ,戌亥とこ
572.07659375,574.32096875,b'SPEAKER_01',主脳を受けるしても もうすねーくん えーと,アンジュ・カトリーナ
576.95346875,582.60659375,b'SPEAKER_01',上がれないのか?あれは飛べる人だけのなるほどね風産権限権限だなんかここ飛び降りそうなのがある,アンジュ・カトリーナ
579.4509687500001,579.8728437500001,b'SPEAKER_02',ご視聴ありがとうございました,戌亥とこ
579.8728437500001,579.8897187499999,b'SPEAKER_00',,
582.8090937500001,583.5347187500001,b'SPEAKER_01',いや、死ぬぞ!,リゼ・ヘルエスタ
586.25159375,587.7197187500001,b'SPEAKER_01',いや、うーん気をつけたよ,アンジュ・カトリーナ
587.23034375,587.4328437500001,b'SPEAKER_02',,
588.1922187499999,593.7947187500001,b'SPEAKER_01',本当の辺りを狙ったヒュンが聞こえたけど気のせい気のせい死ぬぞって言った上で叩くのはもう殺すって意味が,アンジュ・カトリーナ
589.81221875,589.8459687500001,b'SPEAKER_00',,
589.8459687500001,590.7234687499999,b'SPEAKER_02',神 Tiffany's,戌亥とこ
593.82846875,594.13221875,b'SPEAKER_01',w,戌亥とこ
594.72284375,598.75596875,b'SPEAKER_01',いやいや、アイス食べようとしただけ。アイス食べようと。ああ、ほんとだ。死ぬぞ、パカー!みたいな。,アンジュ・カトリーナ
594.97596875,595.0265937500001,b'SPEAKER_02',,
595.0265937500001,595.26284375,b'SPEAKER_00',,
595.26284375,595.4822187500001,b'SPEAKER_02',バイ!,戌亥とこ
595.4822187500001,595.8872187500001,b'SPEAKER_00',,
597.40596875,597.5747187500001,b'SPEAKER_00',,
597.5747187500001,597.9797187500001,b'SPEAKER_02',パカッ,戌亥とこ
599.5659687500001,614.7197187500001,b'SPEAKER_01',そうそうそうそう死を意識した途端にね生存法の方がお楽しみだなそうそう食欲が沸いてあーなるほどねふくらってやったらねなら、ならしゃーないわね、全然そうじゃんお前もなんか言いがかりみたいになっちゃったよいやいいよいいよ明日もね、気持ちいいし一緒に行くし仲良くしといても全然全然、ならね,戌亥とこ
602.6709687499999,602.7553437500001,b'SPEAKER_00',ご視聴ありがとうございました!,戌亥とこ
602.7553437500001,603.97034375,b'SPEAKER_02',そもそも食欲がわいてる,戌亥とこ
603.97034375,604.27409375,b'SPEAKER_00',ヘッ,戌亥とこ
604.27409375,604.84784375,b'SPEAKER_02',,
604.84784375,604.8815937500001,b'SPEAKER_00',,
604.8815937500001,606.53534375,b'SPEAKER_02', asegく✋,戌亥とこ
606.53534375,606.65346875,b'SPEAKER_00',ご視聴ありがとうございました!,戌亥とこ
607.1259687500001,607.1765937499999,b'SPEAKER_00',,
607.1765937499999,607.2778437500001,b'SPEAKER_02',,
608.08784375,608.6784687500001,b'SPEAKER_02',そうです、すごい大変な,戌亥とこ
608.6784687500001,608.7122187500001,b'SPEAKER_00',,
610.01159375,610.02846875,b'SPEAKER_00',ご視聴ありがとうございました!,戌亥とこ
610.02846875,610.41659375,b'SPEAKER_02',,
614.9897187500001,615.8672187500001,b'SPEAKER_01',はゆ引きで,アンジュ・カトリーナ
618.9722187500001,620.28846875,b'SPEAKER_01',あそこのうわぁ何?,アンジュ・カトリーナ
622.83659375,623.95034375,b'SPEAKER_01',え?みんなに聞こえなかったの?,戌亥とこ
625.36784375,625.60409375,b'SPEAKER_01',いっ,アンジュ・カトリーナ
628.72596875,630.00846875,b'SPEAKER_01',ドカーンとドキコイなかった?,戌亥とこ
630.16034375,630.29534375,b'SPEAKER_01',え?,リゼ・ヘルエスタ
630.8859687500001,631.37534375,b'SPEAKER_01',,
631.6115937500001,632.42159375,b'SPEAKER_01',本当にどこ?,戌亥とこ
633.4509687500001,638.00721875,b'SPEAKER_01',なにドカンってえ、視聴者さんみんな聞こえたよねえ、聞こえたよねドコン,アンジュ・カトリーナ
639.15471875,640.9265937499999,b'SPEAKER_01',あーほらほらほらほらほら,アンジュ・カトリーナ
640.7240937500001,640.85909375,b'SPEAKER_00',,
640.9265937499999,645.9722187500001,b'SPEAKER_02',なになに怖いのはどうしたのうそうそいいからさっきちょっと悪ふざけしたからって,アンジュ・カトリーナ
641.1797187500001,650.22471875,b'SPEAKER_01',なになに怖いのはどうしたの?うそうそ、おかしいおかしいいやいやいや、いやいやいやどこに行こうしようホントにもうホントに,アンジュ・カトリーナ
645.9722187500001,646.15784375,b'SPEAKER_00',ご視聴ありがとうございました!,リゼ・ヘルエスタ
646.15784375,649.26284375,b'SPEAKER_02',いやいやいや、どこに行こうしよ!,アンジュ・カトリーナ
650.54534375,660.11346875,b'SPEAKER_01',嘘になったやんな!全くひどいよなえぇ!嘘嘘!ホントだもん!絶対になってもん!ホントだもん!聞こえないわけだろ,アンジュ・カトリーナ
653.0090937500001,653.02596875,b'SPEAKER_02',ご視聴ありがとうございました,戌亥とこ
653.02596875,654.2409687500001,b'SPEAKER_00',Iyankyo,戌亥とこ
655.47284375,658.71284375,b'SPEAKER_00',聞こえない,アンジュ・カトリーナ
658.7465937500001,658.81409375,b'SPEAKER_00',,
660.9740937500001,663.31971875,b'SPEAKER_01',なんでちょっとまさおくみたいになるの?,アンジュ・カトリーナ
663.31971875,663.5222187500001,b'SPEAKER_00',字幕視聴ありがとうございました!,戌亥とこ
663.8259687500001,665.15909375,b'SPEAKER_00',,
665.96909375,667.0490937500001,b'SPEAKER_00',ひどいよ!,戌亥とこ
667.3022187500001,667.3190937500001,b'SPEAKER_00',ご視聴ありがとうございました,リゼ・ヘルエスタ
668.83784375,671.1159687500001,b'SPEAKER_00',うそ、そういうこと言わんにゃろ?,アンジュ・カトリーナ
671.1159687500001,671.1328437500001,b'SPEAKER_02',ご視聴ありがとうございました,リゼ・ヘルエスタ
671.1328437500001,671.9765937500001,b'SPEAKER_00',,
671.9765937500001,672.46596875,b'SPEAKER_02',,
672.46596875,672.7022187500002,b'SPEAKER_00',,
673.56284375,674.55846875,b'SPEAKER_02',うそっ,アンジュ・カトリーナ
674.9297187500001,675.68909375,b'SPEAKER_02',ぺ・ぺ・ぺ・ぺ・ぺ・ cracked,アンジュ・カトリーナ
680.22846875,682.7934687500001,b'SPEAKER_01',あ、今落としたの私は持ったかも,アンジュ・カトリーナ
680.4140937500001,682.1184687500001,b'SPEAKER_02',あ、今落としたの?私は,戌亥とこ
683.82284375,684.3290937500001,b'SPEAKER_01',どこじゃん,戌亥とこ
685.13909375,685.83096875,b'SPEAKER_01',あ、うん,戌亥とこ
685.83096875,687.2990937500001,b'SPEAKER_02',ほっとること,戌亥とこ
686.37096875,687.68721875,b'SPEAKER_01',わかった、撮れた,戌亥とこ
690.0834687500001,691.5347187500001,b'SPEAKER_01',こう?見えてる?,戌亥とこ
693.0365937500001,694.26846875,b'SPEAKER_01',こうか?見える見える,戌亥とこ
695.0615937500002,696.54659375,b'SPEAKER_01',泣いてる!どうしたいのに!,戌亥とこ
697.6772187500001,697.91346875,b'SPEAKER_01',CM図柄みたいにブラックな雷効果があるので、,戌亥とこ
698.60534375,699.49971875,b'SPEAKER_01',あ、あ、感じ悪い,戌亥とこ
702.1828437500001,702.41909375,b'SPEAKER_01',,
707.44784375,708.32534375,b'SPEAKER_01',もっと失敗して,戌亥とこ
710.6203437500001,711.58221875,b'SPEAKER_01',もう一回失敗,戌亥とこ
711.86909375,714.38346875,b'SPEAKER_01',心配してもう一回あんどいさいに,アンジュ・カトリーナ
716.9822187500001,727.3603437500001,b'SPEAKER_01',大丈夫?よかった!よかった!全然大丈夫みたい!よかった!心配で損したで!よかったやん!今のさ、もう一回心配して、めっちゃ地域川のモモンが…,戌亥とこ
718.1128437500001,718.1297187499999,b'SPEAKER_00',ご視聴ありがとうございました,リゼ・ヘルエスタ
718.16346875,718.56846875,b'SPEAKER_00',w,戌亥とこ
719.2097187500001,719.6315937500001,b'SPEAKER_00',,
722.95596875,724.66034375,b'SPEAKER_00',さぁもう一回し,アンジュ・カトリーナ
728.1028437500001,729.85784375,b'SPEAKER_01',金さんの.,アンジュ・カトリーナ
728.45721875,729.26721875,b'SPEAKER_02',ずHe Austria,アンジュ・カトリーナ
729.85784375,729.87471875,b'SPEAKER_02',ご視聴ありがとうございました,戌亥とこ
731.64659375,734.21159375,b'SPEAKER_01',おい心配しろちょっと履修してへんねんな,アンジュ・カトリーナ
737.16471875,739.08846875,b'SPEAKER_01',あー、ここは、きたな,アンジュ・カトリーナ
739.4934687500001,742.8347187500001,b'SPEAKER_01',ここは入ったとこや黄色い建物って入ってきたとこ,アンジュ・カトリーナ
740.40471875,740.4384687500001,b'SPEAKER_02',ご視聴ありがとうございました!,戌亥とこ
743.76284375,744.35346875,b'SPEAKER_01',顔目がある,戌亥とこ
744.3703437500001,744.43784375,b'SPEAKER_01',,
744.5390937500001,744.6740937500001,b'SPEAKER_01',あ,戌亥とこ
744.8259687500001,745.01159375,b'SPEAKER_01',はい,戌亥とこ
745.31534375,746.0747187500001,b'SPEAKER_01',どうぞ,戌亥とこ
745.5347187500001,745.90596875,b'SPEAKER_02',どうぞ,戌亥とこ
748.09971875,749.4497187500001,b'SPEAKER_01',撮ってあげるから2人用,戌亥とこ
750.6140937499999,751.7109687500001,b'SPEAKER_01',どうぞ,戌亥とこ
752.16659375,752.7065937500001,b'SPEAKER_01',ねっ,戌亥とこ
753.5165937500001,754.98471875,b'SPEAKER_01',あーうちがやったらやるかな,アンジュ・カトリーナ
756.45284375,758.12346875,b'SPEAKER_01',すごいなんかキラキラしてるなこの,戌亥とこ
758.24159375,761.04284375,b'SPEAKER_01',ねーなんかすごいよねこれ,アンジュ・カトリーナ
759.3047187500001,759.62534375,b'SPEAKER_00',すみません,戌亥とこ
760.48596875,760.67159375,b'SPEAKER_00',お疲れ様でした,戌亥とこ
762.5278437500001,763.20284375,b'SPEAKER_01',あ、だれかおる,戌亥とこ
763.6415937500001,764.5190937500001,b'SPEAKER_01',あ、うまい私!,アンジュ・カトリーナ
765.6159687500001,769.37909375,b'SPEAKER_01',ほんとだ、あっいるなうまい!気を走ってる人がいるね,アンジュ・カトリーナ
767.3203437500001,767.96159375,b'SPEAKER_00',うまい!,アンジュ・カトリーナ
769.90221875,770.2397187500001,b'SPEAKER_01',ん?,リゼ・ヘルエスタ
770.77971875,774.6103437500001,b'SPEAKER_01',おいで片方開いてるよ,アンジュ・カトリーナ
771.04971875,772.31534375,b'SPEAKER_02',おいで、片方開いてるよ,アンジュ・カトリーナ
772.31534375,772.3828437500001,b'SPEAKER_00',ご視聴ありがとうございました!,戌亥とこ
774.7790937500001,774.8972187500001,b'SPEAKER_01',あ,戌亥とこ
775.15034375,775.5890937500001,b'SPEAKER_01',あ!,アンジュ・カトリーナ
777.0065937500001,777.2765937500001,b'SPEAKER_01',はっ,戌亥とこ
777.96846875,778.4072187500001,b'SPEAKER_01',,
778.66034375,779.03159375,b'SPEAKER_01',はっ,戌亥とこ
779.03159375,779.20034375,b'SPEAKER_02',,
779.20034375,779.2847187500001,b'SPEAKER_01',ご視聴ありがとうございました!,リゼ・ヘルエスタ
779.2847187500001,780.71909375,b'SPEAKER_02',ああ,戌亥とこ
780.71909375,784.3640937499999,b'SPEAKER_01',あ、シュノーケルだったね,アンジュ・カトリーナ
780.73596875,786.2878437500001,b'SPEAKER_02',足の動きが聞いてる立って!立って!,アンジュ・カトリーナ
784.51596875,786.4734687499999,b'SPEAKER_01',立って!,アンジュ・カトリーナ
786.4734687499999,786.67596875,b'SPEAKER_02',,
786.67596875,788.63346875,b'SPEAKER_01',はい、撮った撮った、はいありがとう,戌亥とこ
789.8484687499999,791.29971875,b'SPEAKER_01',死ぬだけでいいんか,戌亥とこ
792.8859687500001,794.4384687500001,b'SPEAKER_01',顔が出てきたこれ,アンジュ・カトリーナ
793.27409375,793.54409375,b'SPEAKER_02',ww,戌亥とこ
794.9109687500002,796.8684687500001,b'SPEAKER_01',カメンカメン、あれ?ここ行ってないんじゃない?,アンジュ・カトリーナ
798.30284375,803.36534375,b'SPEAKER_01',ここがあのでかいやつだな多分あ、ほんとだ!ここ行ってないこれだこれだ,アンジュ・カトリーナ
800.44596875,800.4797187500001,b'SPEAKER_00',,
800.4797187500001,801.25596875,b'SPEAKER_02',あ、ここに行ってんだ!,アンジュ・カトリーナ
801.25596875,801.39096875,b'SPEAKER_00',ご視聴ありがとうございました!,アンジュ・カトリーナ
801.39096875,801.4584687500001,b'SPEAKER_02',ご視聴ありがとうございました!,戌亥とこ
801.4584687500001,801.4922187500001,b'SPEAKER_00',,
802.23471875,802.25159375,b'SPEAKER_00',ご視聴ありがとうございました,戌亥とこ
802.25159375,802.6059687500001,b'SPEAKER_02',これだよ,アンジュ・カトリーナ
802.6059687500001,803.3484687500002,b'SPEAKER_00',俺の暮らし,アンジュ・カトリーナ
